{
  "nodes": {
    "start": [
      0.06912741323320837,
      57.40048165338598
    ],
    "corridor": [
      0.21405494946508694,
      55.85458793357925
    ],
    "storage": [
      -1.3318387703416763,
      55.32318696739568
    ],
    "laboratory": [
      1.6633303117839275,
      55.757969576091334
    ],
    "tunnel": [
      -1.1869112341097923,
      54.018839141308725
    ],
    "spawn": [
      -1.0419836978779082,
      53.05265556642949
    ],
    "schlafzimmer": [
      -1.9808989514459334,
      -10.738829893808834
    ],
    "flur": [
      -2.0326587858144634,
      -8.927235690910283
    ],
    "badezimmer": [
      -2.0326587858144634,
      -7.219161156748792
    ],
    "eingangsbereich": [
      0.8658919388232176,
      -8.8495959393575
    ],
    "wohnzimmer": [
      3.130384692446406,
      -8.836655980765356
    ],
    "vordertuer": [
      1.026180458158021,
      -6.730027792716926
    ],
    "schlafzimmer2": [
      3.0527449408936094,
      -9.8847926267281
    ],
    "kueche": [
      3.0527449408936094,
      -11.476407533560398
    ],
    "wohnbereich": [
      0.9305917317838787,
      -11.450527616376133
    ],
    "treppen": [
      0.8658919388232161,
      -12.990382688839905
    ],
    "keller": [
      -0.7904227609697445,
      -14.685517264409262
    ],
    "lagerraum": [
      -2.8090563013424155,
      -14.698457223001391
    ],
    "suedlich_haus": [
      0.714225739490993,
      -3.4398374478026934
    ],
    "westliche_haus_gabelung": [
      -12.85626174403997,
      -3.3959200125809104
    ],
    "krankenhaus_straße": [
      -13.003028557473483,
      0.11334581552549834
    ],
    "krankenhaus_eingang": [
      -19.930454325478973,
      0.0926204324812848
    ],
    "östliche_straße": [
      7.644720018663849,
      -11.284306451692006
    ],
    "nord_westliche_weggabelung": [
      -13.28117231387811,
      -17.080330073802564
    ],
    "bibliothek_straße": [
      -21.603526288405995,
      -16.860742897693658
    ],
    "bibliothek_eingang": [
      -21.515691417962426,
      -18.683316459397656
    ],
    "bibliothek_1.1": [
      -21.53765013557332,
      -20.396096433047195
    ],
    "bibliothek_1.2": [
      -24.875375212428832,
      -20.440013868268977
    ],
    "bibliothek_2": [
      -17.936420447387107,
      -20.374137715436305
    ],
    "bibliothek_3": [
      -18.26580121155048,
      -22.591968194136346
    ],
    "bibliothek_4": [
      -18.39755351721583,
      -24.34866560300767
    ],
    "bibliothek_5": [
      -21.603526288405995,
      -24.392583038229454
    ],
    "bibliothek_6": [
      -21.27414552424262,
      -22.24062871236208
    ],
    "bibliothek_7": [
      -24.699705471541698,
      -22.130835124307627
    ],
    "bibliothek_8": [
      -24.831457777207046,
      -24.568252779116584
    ],
    "nord_östliche_weggabelung": [
      7.069722623654686,
      -17.968948158033843
    ],
    "parkplatz": [
      18.528661627243157,
      -23.620113425180183
    ],
    "walmart_eingang": [
      18.46278547441048,
      -26.49670543220697
    ],
    "walmart_1": [
      18.7060205002542,
      -28.964527465246395
    ],
    "walmart_2": [
      13.540654465322948,
      -29.224653812329265
    ],
    "walmart_3": [
      13.635621226956367,
      -33.254360015948514
    ],
    "walmart_4": [
      19.07969406233355,
      -32.90133140205034
    ],
    "walmart_5": [
      22.870106548398212,
      -35.27962943252228
    ],
    "walmart_6": [
      21.829601160066737,
      -37.99237562352934
    ],
    "walmart_7": [
      17.017263739033663,
      -36.41303708766907
    ],
    "walmart_8": [
      14.007230294217608,
      -38.308243330701394
    ],
    "walmart_9": [
      13.993341874532096,
      -41.23438321336303
    ],
    "walmart_10": [
      27.224689163850396,
      -41.05139389993892
    ],
    "walmart_11": [
      27.334482751904854,
      -36.24243474315368
    ],
    "walmart_12.1": [
      25.088348664338554,
      -32.84408859118427
    ],
    "walmart_12.2": [
      27.204831215603708,
      -29.11110659733272
    ],
    "walmart_13": [
      22.979524773758474,
      -29.038849278698645
    ],
    "walmart_14": [
      21.14005989081533,
      -31.026957788546284
    ],
    "norden_straße": [
      7.307380316652584,
      -23.603540172991078
    ],
    "haus_3_eingang": [
      3.6673664186602664,
      -23.775020512379612
    ],
    "haus_3_v": [
      0.8558038816972721,
      -23.915307380355255
    ],
    "haus_3_wohnbereich": [
      -4.326453474473117,
      -23.99715620362285
    ],
    "wohnzimmer_h3": [
      -2.622919276659746,
      -25.306589206419684
    ],
    "küche_h3": [
      -7.225004199110797,
      -25.72611628498567
    ],
    "bathroom_3": [
      -4.301027590923663,
      -21.352864314479703
    ],
    "bedroom_3": [
      -7.504688918154784,
      -23.88273972765031
    ],
    "oestlich_weggabelung": [
      7.543386916478257,
      -3.1543741188611034
    ],
    "park_straße": [
      7.411634610812908,
      2.620768612803367
    ],
    "skyscraper_weggabelung": [
      7.122267509851582,
      21.73450511784425
    ],
    "süd_östliche_skyscraper_weggabelung": [
      44.948354466373345,
      23.135471301419113
    ],
    "östliche_skyscraper2_straße": [
      44.56188103642165,
      34.10165487629834
    ],
    "westliche_skyscraper2_weggabelung": [
      7.170576688595538,
      38.44948096325489
    ],
    "südliche_pizzeria_straße": [
      -2.539568238940694,
      38.352862605766965
    ],
    "home_depot_weggabelung_osten": [
      -13.892225243771612,
      37.531606567119624
    ],
    "home_depot_weggabelung_süd_ost": [
      -14.037152780003495,
      42.072669369051994
    ],
    "home_depot_straße_süd": [
      -21.186911234109775,
      41.734505117844265
    ],
    "home_depot_weggabelung_west_süd": [
      -31.38014794908562,
      40.96155825794088
    ],
    "home_depot_straße_west": [
      -31.0419836978779,
      27.883573440825618
    ],
    "home_depot_weggabelung_west_nord": [
      -31.138602055365823,
      21.893235276574412
    ],
    "home_depot_straße_nord": [
      -21.235220412853742,
      22.617872957733834
    ],
    "haus1": [
      0.758143174712776,
      0.11747480516173352
    ],
    "haus1_vordertür": [
      -6.488233636881427,
      0.13943352277262502
    ],
    "haus2": [
      11.95817770808061,
      -11.191002010561466
    ],
    "straße_pizzeria": [
      -0.8487469829020409,
      21.927741832820097
    ],
    "home_depot_weggabelung_nord_ost": [
      -13.21589674135616,
      22.666182136477797
    ],
    "park": [
      18.676403121958227,
      2.4153379725901156
    ],
    "bedroom_2": [
      -0.49985800028038896,
      -21.403716081578608
    ],
    "neuer_raum": [
      7.266951060332245,
      12.177636865323809
    ],
    "neuer_raum_1": [
      0.0,
      0.0
    ]
  },
  "custom_blocks": [
    {
      "name": "Mein Haus",
      "gx": -6.170294810843735,
      "gy": -15.586011188179386,
      "gw": 12.97446514837819,
      "gh": 9.903381642512077,
      "color": [
        120,
        56,
        66
      ]
    },
    {
      "name": "Untergeschoss",
      "gx": -3.543738983493495,
      "gy": -15.450799627680338,
      "gw": 4.824559884635034,
      "gh": 2.148355650604392,
      "color": [
        50,
        102,
        112
      ]
    },
    {
      "name": "haus 3",
      "gx": -9.789736213746353,
      "gy": -27.115464021979996,
      "gw": 15.26130873956961,
      "gh": 7.487922705314009,
      "color": [
        106,
        61,
        80
      ]
    },
    {
      "name": "Bücherrei",
      "gx": -28.269489085748287,
      "gy": -26.274702166365486,
      "gw": 14.417315041448198,
      "gh": 7.366323597847757,
      "color": [
        100,
        96,
        86
      ]
    },
    {
      "name": "Home depot",
      "gx": -30.0093984623941,
      "gy": 23.81889415875501,
      "gw": 14.844093104962685,
      "gh": 16.007905138339932,